{"cameraMode":{"drawMode":0,"name":"Shaded","section":"Shading Mode"},"sceneLighting":true,"audioPlay":false,"sceneViewState":{"m_AlwaysRefresh":false,"showFog":true,"showSkybox":true,"showFlares":true,"showImageEffects":true,"showParticleSystems":true,"showVisualEffectGraphs":true,"m_FxEnabled":true},"in2DMode":false,"pivot":{"x":-1.3553019762039185,"y":-0.4977308511734009,"z":-0.6105934381484985},"rotation":{"x":-0.21313567459583283,"y":0.16094623506069184,"z":-0.035621121525764468,"w":-0.9630175232887268},"size":2.557102918624878,"orthographic":false}